CAMILOOO;2025-03-29T22:13:10.839616;
CAMILOOO;2025-03-29T22:13:40.985627300;AS
CAMILOOO;2025-03-29T22:14:12.222518900;
CAMILOOO;2025-03-29T22:14:39.216826100;SA
CAMILOOOa;2025-03-29T22:15:20.136027400;
CAMILOOO;2025-03-29T22:24:49.893245400;
CAMILOOO;2025-03-29T22:30:16.898591900;
CAMILOOO;2025-04-01T15:13:56.064052600;rdsfg
Sergiooo;null;null
Sergiooo;2025-04-01T19:04:56.358030100;dws
Sergiooo;2025-04-01T19:43:21.309839200;ghgh
Sergiooo;2025-04-02T18:49:03.068066200;ser
Sergiooo;2025-04-02T18:49:21.496842300;ser
Sergiooo;2025-04-02T19:14:10.450580300;coci

